,Selected_Features,F-values,p-values,Coefficients
3,Polio,760.1990095623694,1.470708113434442e-121,-0.9316125844825395
4,Diphtheria,588.562780579781,2.849660792096822e-100,-0.6062607666200307
2,BMI,557.821713481368,3.3704136354776264e-96,-6.482897253953227
1,Measles,444.32370211158593,2.2659580595561454e-80,-0.09327867044020736
0,Hepatitis_B,370.5357453063988,2.44316531567373e-69,0.18210416468554044
6,GDP_per_capita,269.10382129593637,4.632070211927655e-53,-0.00017057025116788794
8,Calories from animal protein (FAO (2017)),123.00926458419411,7.190947412045543e-27,-0.1332713182385876
5,Incidents_HIV,101.8103208459064,9.579668167009552e-23,3.2110037044957638
10,Calories from fat (FAO (2017)),53.33413331198165,6.229321591543204e-13,0.017234743744357815
