,Selected_Features,F-values,p-values,Coefficients
3,Polio,697.4081489316147,4.857069701112078e-114,-0.5682304701261088
4,Diphtheria,551.6474824156873,2.2706781594158737e-95,-0.34080844410706584
2,BMI,527.8142862555592,3.8714068519278695e-92,-3.6540035598581597
1,Measles,448.9116206185428,4.893991193568048e-81,-0.08079231323923765
0,Hepatitis_B,338.7202386526188,2.223268857981248e-64,0.037492932035932
6,GDP_per_capita,324.2102152676673,4.485149203749843e-62,-0.0002588451763379716
5,Incidents_HIV,118.78283540907795,4.6954645218286344e-26,1.7506881919650243
8,Calories from fat (FAO (2017)),62.59574364614616,7.487446195258774e-15,-0.005654893626229219
